sku_id,category,subcategory,unit_cost,list_price,total_8w_forecast,avg_weekly_demand,demand_std_weekly,upper_8w_forecast,lower_8w_forecast,date,on_hand_units,on_order_units,lead_time_days,reorder_point,lead_time_weeks,lead_time_demand,safety_stock,dynamic_reorder_point,available_stock,projected_stockout_units,stockout_risk_score,sales_at_risk_inr,weeks_of_supply,excess_units,overstock_risk_score,capital_locked_inr,quadrant,quadrant_meaning,recommended_action,recommended_reorder_units
NB-DÉC-051,Décor,Mirrors,-1.0164437454940882,-1.0045039192217804,43.5,5.4375,6.3126732649488515,110.7,16.5,2026-03-31,153,114,35,228,5.0,27.2,26.9,54.1,267,0.0,0.0,-0.0,28.1,109.5,100.0,-111.3,Markdown / clear,"High overstock, low stockout",Promote or discount to free up locked working capital.,0
NB-DÉC-052,Décor,Candles,-1.0845378326366406,-1.0738934154653097,47.1,5.8875,6.283000378004127,127.0,17.4,2026-03-31,169,143,35,265,5.0,29.4,26.8,56.2,312,0.0,0.0,-0.0,28.7,121.9,100.0,-132.21,Markdown / clear,"High overstock, low stockout",Promote or discount to free up locked working capital.,0
NB-DÉC-053,Décor,Candles,-0.4616185541297298,-0.3416317216659252,197.7,24.7125,11.679944081629843,304.8,72.39999999999999,2026-03-31,888,355,42,736,6.0,148.3,51.1,199.4,1243,0.0,0.0,-0.0,35.9,690.3,100.0,-318.66,Markdown / clear,"High overstock, low stockout",Promote or discount to free up locked working capital.,0
NB-DÉC-054,Décor,Lighting,-0.5109955453358144,-0.561100666541643,151.4,18.925,9.889356652482507,224.3,44.7,2026-03-31,692,143,42,570,6.0,113.6,43.9,157.5,835,0.0,0.0,-0.0,36.6,540.6,100.0,-276.24,Markdown / clear,"High overstock, low stockout",Promote or discount to free up locked working capital.,0
NB-DÉC-055,Décor,Wall Art,-0.8357732082674256,-0.6941536782309795,24.3,3.0375,4.585558172131284,81.9,11.4,2026-03-31,122,37,14,77,2.0,6.1,13.0,19.1,159,0.0,0.0,-0.0,40.2,97.7,100.0,-81.66,Markdown / clear,"High overstock, low stockout",Promote or discount to free up locked working capital.,0
NB-DÉC-056,Décor,Candles,-1.0999333228785302,-1.1039863301000743,41.6,5.2,5.350700888668698,133.9,14.8,2026-03-31,227,151,42,284,6.0,31.2,25.6,56.8,378,0.0,0.0,-0.0,43.7,185.4,100.0,-203.93,Markdown / clear,"High overstock, low stockout",Promote or discount to free up locked working capital.,0
NB-DÉC-057,Décor,Candles,-0.899197384655444,-0.888784981496543,164.9,20.6125,9.96574602074526,272.2,63.4,2026-03-31,445,170,42,603,6.0,123.7,44.2,167.9,615,0.0,0.0,-0.0,21.6,280.1,85.0,-251.87,Markdown / clear,"High overstock, low stockout",Promote or discount to free up locked working capital.,0
NB-DÉC-058,Décor,Wall Art,-0.9360299890276702,-0.9446638924686146,14.799999999999999,1.8499999999999999,2.2399776784602117,85.3,12.3,2026-03-31,259,124,42,229,6.0,11.1,13.1,24.2,383,0.0,0.0,-0.0,140.0,244.2,100.0,-228.58,Markdown / clear,"High overstock, low stockout",Promote or discount to free up locked working capital.,0
NB-DÉC-059,Décor,Vases & Planters,-0.4546289032460013,-0.180097998377983,52.3,6.5375,6.594303886688874,139.9,16.6,2026-03-31,96,14,14,105,2.0,13.1,17.7,30.8,110,0.0,0.0,-0.0,14.7,43.7,41.9,-19.87,Markdown / clear,"High overstock, low stockout",Promote or discount to free up locked working capital.,0
NB-DÉC-060,Décor,Candles,-0.4059541542586437,-0.4622161817535169,144.0,18.0,9.117839656409844,214.1,54.3,2026-03-31,526,197,42,537,6.0,108.0,40.8,148.8,723,0.0,0.0,-0.0,29.2,382.0,100.0,-155.07,Markdown / clear,"High overstock, low stockout",Promote or discount to free up locked working capital.,0
NB-DÉC-061,Décor,Wall Art,-0.4515530823279775,-0.1968387723725342,143.1,17.8875,10.53689203465614,229.6,56.4,2026-03-31,282,37,14,206,2.0,35.8,26.8,62.6,319,0.0,0.0,-0.0,15.8,138.9,48.8,-62.72,Markdown / clear,"High overstock, low stockout",Promote or discount to free up locked working capital.,0
NB-DÉC-062,Décor,Vases & Planters,-1.0143019067269714,-0.9470683186609926,159.8,19.975,11.304396268708913,260.5,62.9,2026-03-31,372,79,21,298,3.0,59.9,35.1,95.0,451,0.0,0.0,-0.0,18.6,212.2,66.3,-215.23,Markdown / clear,"High overstock, low stockout",Promote or discount to free up locked working capital.,0
NB-DÉC-063,Décor,Candles,-1.1230956120595392,-1.0894533721715405,60.7,7.5875,5.979012773861585,108.39999999999999,22.9,2026-03-31,332,249,42,353,6.0,45.5,28.1,73.6,581,0.0,0.0,-0.0,43.8,271.3,100.0,-304.7,Markdown / clear,"High overstock, low stockout",Promote or discount to free up locked working capital.,0
NB-DÉC-064,Décor,Lighting,-0.4474379429262378,-0.4772429780582634,170.4,21.3,10.925772283916594,271.8,47.9,2026-03-31,808,122,35,525,5.0,106.5,43.9,150.4,930,0.0,0.0,-0.0,37.9,637.6,100.0,-285.29,Markdown / clear,"High overstock, low stockout",Promote or discount to free up locked working capital.,0
NB-DÉC-065,Décor,Candles,-1.015970902400145,-1.0055390137105626,98.4,12.3,7.524293986813647,166.8,29.3,2026-03-31,157,34,14,120,2.0,24.6,19.8,44.4,191,0.0,0.0,-0.0,12.8,58.6,30.0,-59.54,Healthy,Low on both,Balanced inventory; no immediate action required.,0
NB-DÉC-066,Décor,Wall Art,-0.6298898345810712,-0.4412355682105011,70.0,8.75,6.063208721460939,126.0,24.6,2026-03-31,183,43,28,274,4.0,35.0,23.2,58.2,226,0.0,0.0,-0.0,20.9,113.0,80.6,-71.18,Markdown / clear,"High overstock, low stockout",Promote or discount to free up locked working capital.,0
NB-DÉC-067,DÉCOR,Lighting,-1.061794547979472,-1.0414168921809577,181.4,22.675,11.66669940471597,276.4,64.8,2026-03-31,377,131,21,325,3.0,68.0,36.1,104.1,508,0.0,0.0,-0.0,16.6,195.6,53.8,-207.69,Markdown / clear,"High overstock, low stockout",Promote or discount to free up locked working capital.,0
NB-DÉC-068,Décor,Wall Art,-0.6664509052953895,-0.6514823416297386,157.1,19.6375,10.735447999501464,260.8,47.3,2026-03-31,769,362,42,595,6.0,117.8,47.3,165.1,1131,0.0,0.0,-0.0,39.2,611.9,100.0,-407.8,Markdown / clear,"High overstock, low stockout",Promote or discount to free up locked working capital.,0
NB-DÉC-069,Décor,Mirrors,-0.7217501392127378,-0.7449438565207696,181.3,22.6625,11.566972108118875,319.7,70.0,2026-03-31,1073,398,42,708,6.0,136.0,50.6,186.6,1471,0.0,0.0,-0.0,47.3,891.7,100.0,-643.58,Markdown / clear,"High overstock, low stockout",Promote or discount to free up locked working capital.,0
NB-DÉC-070,Décor,Wall Art,-0.732864292727789,-0.5806379304511389,143.4,17.925,8.548793774562585,224.1,58.2,2026-03-31,937,338,42,599,6.0,107.6,38.5,146.1,1275,0.0,0.0,-0.0,52.3,793.6,100.0,-581.6,Markdown / clear,"High overstock, low stockout",Promote or discount to free up locked working capital.,0
NB-DÉC-071,Décor,Mirrors,-1.0362914514027064,-1.0240030176361592,157.8,19.725,10.340907842157765,246.1,46.9,2026-03-31,364,359,42,549,6.0,118.4,45.7,164.1,723,0.0,0.0,-0.0,18.5,206.2,65.6,-213.68,Markdown / clear,"High overstock, low stockout",Promote or discount to free up locked working capital.,0
NB-DÉC-072,Décor,Lighting,-0.4764662954410123,-0.4770544636429879,54.5,6.8125,7.855959123493452,137.5,14.9,2026-03-31,99,19,14,93,2.0,13.6,20.6,34.2,118,0.0,0.0,-0.0,14.5,44.5,40.6,-21.2,Markdown / clear,"High overstock, low stockout",Promote or discount to free up locked working capital.,0
NB-DÉC-073,Décor,Vases & Planters,-0.5626805726341146,-0.3429652009347141,100.9,12.6125,7.451247798187898,154.4,30.9,2026-03-31,335,32,21,217,3.0,37.8,24.1,61.9,367,0.0,0.0,-0.0,26.6,234.1,100.0,-131.72,Markdown / clear,"High overstock, low stockout",Promote or discount to free up locked working capital.,0
NB-DÉC-074,Décor,Wall Art,-0.4569907779083195,-0.4476300234378499,82.9,10.3625,6.265169091892093,138.0,26.9,2026-03-31,194,181,35,314,5.0,51.8,26.7,78.5,375,0.0,0.0,-0.0,18.7,111.1,66.9,-50.77,Markdown / clear,"High overstock, low stockout",Promote or discount to free up locked working capital.,0
NB-DÉC-075,Décor,Wall Art,-0.4891721979851778,-0.556798374364805,59.1,7.3875,5.761822085937746,117.5,19.6,2026-03-31,341,114,35,304,5.0,36.9,24.9,61.8,455,0.0,0.0,-0.0,46.2,281.9,100.0,-137.9,Markdown / clear,"High overstock, low stockout",Promote or discount to free up locked working capital.,0
NB-DÉC-076,Décor,Mirrors,-0.5466296563214134,-0.3283801991492021,180.79999999999998,22.599999999999998,10.165505398159011,324.7,71.5,2026-03-31,835,254,28,518,4.0,90.4,36.7,127.1,1089,0.0,0.0,-0.0,36.9,654.2,100.0,-357.61,Markdown / clear,"High overstock, low stockout",Promote or discount to free up locked working capital.,0
NB-DÉC-077,DÉCOR,Wall Art,-0.5574137559936628,-0.5909518663739995,98.0,12.25,5.712486323834833,153.1,37.3,2026-03-31,258,170,28,299,4.0,49.0,22.1,71.1,428,0.0,0.0,-0.0,21.1,160.0,81.9,-89.19,Markdown / clear,"High overstock, low stockout",Promote or discount to free up locked working capital.,0
NB-DÉC-078,Décor,Wall Art,-0.9839509980335942,-0.8975942716876654,174.8,21.85,12.319598207733886,283.5,54.599999999999994,2026-03-31,521,132,21,366,3.0,65.6,38.0,103.6,653,0.0,0.0,-0.0,23.8,346.2,98.8,-340.64,Markdown / clear,"High overstock, low stockout",Promote or discount to free up locked working capital.,0
NB-DÉC-079,Décor,Wall Art,-0.9670082341031098,-0.9074467520786554,155.0,19.375,10.146397143814154,237.1,57.0,2026-03-31,285,25,14,194,2.0,38.8,25.9,64.7,310,0.0,0.0,-0.0,14.7,130.0,41.9,-125.71,Markdown / clear,"High overstock, low stockout",Promote or discount to free up locked working capital.,0
NB-DÉC-080,Décor,Lighting,-0.4271478244198217,-0.4009443706683819,144.5,18.0625,8.328706006937692,222.5,41.6,2026-03-31,916,356,35,564,5.0,90.3,34.3,124.6,1272,0.0,0.0,-0.0,50.7,771.5,100.0,-329.54,Markdown / clear,"High overstock, low stockout",Promote or discount to free up locked working capital.,0
NB-DÉC-081,Décor,Candles,-0.8884741459754841,-0.9163358428504772,124.1,15.5125,7.725515759481693,178.1,47.9,2026-03-31,380,148,21,255,3.0,46.5,24.9,71.4,528,0.0,0.0,-0.0,24.5,255.9,100.0,-227.36,Markdown / clear,"High overstock, low stockout",Promote or discount to free up locked working capital.,0
NB-DÉC-082,Décor,Wall Art,-0.7074665324838325,-0.5096813358474981,150.5,18.8125,11.474584687473442,227.8,40.4,2026-03-31,386,14,21,276,3.0,56.4,35.5,91.9,400,0.0,0.0,-0.0,20.5,235.5,78.1,-166.61,Markdown / clear,"High overstock, low stockout",Promote or discount to free up locked working capital.,0
NB-DÉC-083,Décor,Mirrors,-0.8779241270428102,-0.7776574684869095,138.9,17.3625,9.291250924929324,203.3,35.6,2026-03-31,339,345,42,506,6.0,104.2,41.5,145.7,684,0.0,0.0,-0.0,19.5,200.1,71.9,-175.67,Markdown / clear,"High overstock, low stockout",Promote or discount to free up locked working capital.,0
NB-DÉC-084,Décor,Candles,-1.0448541248563832,-0.9810564268580132,73.7,9.2125,6.588709566371855,134.1,24.9,2026-03-31,160,19,14,112,2.0,18.4,17.7,36.1,179,0.0,0.0,-0.0,17.4,86.3,58.7,-90.17,Markdown / clear,"High overstock, low stockout",Promote or discount to free up locked working capital.,0
NB-DÉC-085,Décor,Mirrors,-1.127545486918872,-1.0901241596614777,173.0,21.625,11.068959978245472,262.8,62.6,2026-03-31,558,14,28,424,4.0,86.5,39.7,126.2,572,0.0,0.0,-0.0,25.8,385.0,100.0,-434.11,Markdown / clear,"High overstock, low stockout",Promote or discount to free up locked working capital.,0
NB-DÉC-086,Décor,Wall Art,-0.8644738477467941,-0.8871704654000736,69.1,8.6375,6.755541706628714,127.2,24.0,2026-03-31,622,162,42,385,6.0,51.8,31.3,83.1,784,0.0,0.0,-0.0,72.0,552.9,100.0,-477.97,Markdown / clear,"High overstock, low stockout",Promote or discount to free up locked working capital.,0
NB-DÉC-087,Décor,Candles,-0.9009787390836144,-0.7973381421356334,24.5,3.0625,5.052459178459535,95.5,12.5,2026-03-31,187,114,35,200,5.0,15.3,22.3,37.6,301,0.0,0.0,-0.0,61.1,162.5,100.0,-146.41,Markdown / clear,"High overstock, low stockout",Promote or discount to free up locked working capital.,0
NB-DÉC-088,Décor,Candles,-0.9043401385039208,-0.8708217551280891,151.6,18.95,8.482924024179399,254.79999999999998,62.4,2026-03-31,791,114,42,592,6.0,113.7,38.2,151.9,905,0.0,0.0,-0.0,41.7,639.4,100.0,-578.24,Markdown / clear,"High overstock, low stockout",Promote or discount to free up locked working capital.,0
NB-DÉC-089,Décor,Candles,-1.0364061509650984,-1.0138128304398903,79.3,9.9125,6.689252106924958,133.7,23.4,2026-03-31,127,44,14,109,2.0,19.8,17.9,37.7,171,0.0,0.0,-0.0,12.8,47.7,30.0,-49.44,Healthy,Low on both,Balanced inventory; no immediate action required.,0
NB-DÉC-090,Décor,Wall Art,-0.6821226108099785,-0.657039469024821,196.79999999999998,24.599999999999998,12.028507804378728,303.1,65.0,2026-03-31,167,98,14,253,2.0,49.2,30.3,79.5,265,0.0,0.0,-0.0,6.8,0.0,0.0,-0.0,Healthy,Low on both,Balanced inventory; no immediate action required.,0
NB-DÉC-091,Décor,Vases & Planters,-0.9205736377934908,-0.8853292693932117,194.9,24.3625,12.573776033873038,319.0,73.3,2026-03-31,564,78,35,639,5.0,121.8,49.9,171.7,642,0.0,0.0,-0.0,23.2,369.1,95.0,-339.78,Markdown / clear,"High overstock, low stockout",Promote or discount to free up locked working capital.,0
NB-DÉC-092,Décor,Vases & Planters,-0.7913540471255529,-0.7403501187448553,197.1,24.6375,12.4971934349277,320.3,69.6,2026-03-31,331,127,14,248,2.0,49.3,31.4,80.7,458,0.0,0.0,-0.0,13.4,133.9,33.8,-105.96,Healthy,Low on both,Balanced inventory; no immediate action required.,0
NB-DÉC-093,Décor,Wall Art,-0.6506762042553875,-0.6292457363383233,104.0,13.0,7.186619511286234,155.7,32.5,2026-03-31,153,25,21,218,3.0,39.0,23.3,62.3,178,0.0,0.0,-0.0,11.8,49.0,23.8,-31.88,Healthy,Low on both,Balanced inventory; no immediate action required.,0
NB-DÉC-094,Décor,Vases & Planters,-1.061005695887102,-0.9984124748950584,15.5,1.9375,4.35859424011917,97.8,11.0,2026-03-31,188,100,35,196,5.0,9.7,19.7,29.4,288,0.0,0.0,-0.0,97.0,172.5,100.0,-183.02,Markdown / clear,"High overstock, low stockout",Promote or discount to free up locked working capital.,0
NB-DÉC-095,Décor,Wall Art,-0.543490633603704,-0.5646569967684647,181.9,22.7375,12.435929549092823,288.5,63.4,2026-03-31,499,80,28,502,4.0,91.0,44.2,135.2,579,0.0,0.0,-0.0,21.9,317.1,86.9,-172.34,Markdown / clear,"High overstock, low stockout",Promote or discount to free up locked working capital.,0
NB-DÉC-096,Décor,Mirrors,0.0,-0.536141589265207,113.1,14.1375,6.009354686653135,156.1,37.5,2026-03-31,306,18,21,234,3.0,42.4,20.0,62.4,324,0.0,0.0,-0.0,21.6,192.9,85.0,0.0,Markdown / clear,"High overstock, low stockout",Promote or discount to free up locked working capital.,0
NB-DÉC-097,Décor,Candles,-0.9876799042150342,-0.9283591303425226,191.6,23.95,12.311782974045634,301.5,69.4,2026-03-31,284,21,14,258,2.0,47.9,31.0,78.9,305,0.0,0.0,-0.0,11.9,92.4,24.4,-91.26,Healthy,Low on both,Balanced inventory; no immediate action required.,0
NB-DÉC-098,Décor,Wall Art,-0.6527033434601125,-0.7096500257786819,193.1,24.1375,12.361425635823725,318.5,70.5,2026-03-31,235,134,14,257,2.0,48.3,31.1,79.4,369,0.0,0.0,-0.0,9.7,41.9,10.6,-27.35,Healthy,Low on both,Balanced inventory; no immediate action required.,0
NB-DÉC-099,Décor,Lighting,-0.5639118373242825,-0.5610474661545101,177.1,22.1375,11.80422990923169,286.0,65.8,2026-03-31,392,82,21,355,3.0,66.4,36.5,102.9,474,0.0,0.0,-0.0,17.7,214.9,60.6,-121.18,Markdown / clear,"High overstock, low stockout",Promote or discount to free up locked working capital.,0
NB-DÉC-100,Décor,Candles,-0.7916723969313758,-0.716177481973863,87.2,10.9,6.250999920012798,138.6,26.1,2026-03-31,458,254,42,393,6.0,65.4,29.2,94.6,712,0.0,0.0,-0.0,42.0,370.8,100.0,-293.55,Markdown / clear,"High overstock, low stockout",Promote or discount to free up locked working capital.,0
NB-FUR-001,Furnishings,Seating,-0.5464564365741273,-0.6100346139325553,182.4,22.8,7.479973261984297,460.6,70.7,2026-03-31,346,118,42,1257,6.0,136.8,34.2,171.0,464,0.0,0.0,-0.0,15.2,163.6,45.0,-89.4,Markdown / clear,"High overstock, low stockout",Promote or discount to free up locked working capital.,0
NB-FUR-002,Furnishings,Seating,1.8180329076050945,2.257838655243027,198.7,24.8375,9.537942322639616,397.09999999999997,79.8,2026-03-31,147,43,21,548,3.0,74.5,30.0,104.5,190,0.0,0.0,0.0,5.9,0.0,0.0,0.0,Healthy,Low on both,Balanced inventory; no immediate action required.,0
NB-FUR-003,Furnishings,Seating,-0.5290899865050109,-0.6098715431806914,198.5,24.8125,8.20174333602314,574.6,124.2,2026-03-31,313,63,28,1122,4.0,99.2,30.3,129.5,376,0.0,0.0,-0.0,12.6,114.5,28.7,-60.58,Healthy,Low on both,Balanced inventory; no immediate action required.,0
NB-FUR-004,Furnishings,Bedding,0.0842296408719029,0.1506904435131087,276.4,34.55,12.642487888070134,774.6999999999999,222.7,2026-03-31,289,1,21,1263,3.0,103.6,38.9,142.5,290,0.0,0.0,0.0,8.4,12.6,2.5,1.06,Healthy,Low on both,Balanced inventory; no immediate action required.,0
NB-FUR-005,Furnishings,Rugs,1.500802007717402,1.8061245768686,190.7,23.8375,10.047753169241371,405.1,74.6,2026-03-31,138,44,14,420,2.0,47.7,25.7,73.4,182,0.0,0.0,0.0,5.8,0.0,0.0,0.0,Healthy,Low on both,Balanced inventory; no immediate action required.,0
NB-FUR-006,Furnishings,Tables,1.8958226189808696,1.6665082565492753,247.9,30.9875,12.811658508951917,637.2,180.6,2026-03-31,206,427,42,1993,6.0,185.9,55.7,241.6,633,0.0,0.0,0.0,6.6,0.0,0.0,0.0,Healthy,Low on both,Balanced inventory; no immediate action required.,0
NB-FUR-007,Furnishings,Shelving,-0.2663577644053176,-0.3185242491677468,227.1,28.3875,11.329324505459272,648.4,183.29999999999998,2026-03-31,168,141,14,715,2.0,56.8,28.7,85.5,309,0.0,0.0,-0.0,5.9,0.0,0.0,-0.0,Healthy,Low on both,Balanced inventory; no immediate action required.,0
NB-FUR-008,Furnishings,Bedding,0.3225449010264617,0.029977608578305,180.7,22.5875,9.968755877741213,432.9,73.3,2026-03-31,943,870,28,836,4.0,90.4,36.1,126.5,1813,0.0,0.0,0.0,41.7,762.3,100.0,245.88,Markdown / clear,"High overstock, low stockout",Promote or discount to free up locked working capital.,0
NB-FUR-009,Furnishings,Rugs,-0.3512963015677328,-0.4282928392451801,236.20000000000002,29.525000000000002,8.966848666058775,649.8,186.6,2026-03-31,942,973,21,1044,3.0,88.6,28.4,117.0,1915,0.0,0.0,-0.0,31.9,705.8,100.0,-247.94,Markdown / clear,"High overstock, low stockout",Promote or discount to free up locked working capital.,0
NB-FUR-010,Furnishings,Shelving,1.4575766583473646,1.6470496366903238,178.6,22.325,5.991191450788399,482.7,90.0,2026-03-31,1478,896,42,1476,6.0,134.0,28.2,162.2,2374,0.0,0.0,0.0,66.2,1299.4,100.0,1893.98,Markdown / clear,"High overstock, low stockout",Promote or discount to free up locked working capital.,0
NB-FUR-011,Furnishings,Shelving,2.937428071522345,3.4768757955977585,209.3,26.1625,6.567331554748854,613.8,155.4,2026-03-31,994,1056,21,963,3.0,78.5,21.6,100.1,2050,0.0,0.0,0.0,38.0,784.7,100.0,2305.0,Markdown / clear,"High overstock, low stockout",Promote or discount to free up locked working capital.,0
NB-FUR-012,Furnishings,Shelving,1.0078841495486115,1.2805197868871343,254.6,31.825,14.198129278183096,636.9,167.9,2026-03-31,138,149,21,964,3.0,95.5,43.3,138.8,287,0.0,0.0,0.0,4.3,0.0,0.0,0.0,Healthy,Low on both,Balanced inventory; no immediate action required.,0
NB-FUR-013,Furnishings,Tables,1.794362663219206,2.003794084851517,204.4,25.55,8.39374767311956,570.4,133.1,2026-03-31,843,564,14,587,2.0,51.1,21.9,73.0,1407,0.0,0.0,0.0,33.0,638.6,100.0,1145.88,Markdown / clear,"High overstock, low stockout",Promote or discount to free up locked working capital.,0
NB-FUR-014,Furnishings,Bedding,1.6666575749363224,1.675937446903512,196.4,24.55,10.381594289895942,393.2,76.8,2026-03-31,1457,511,35,836,5.0,122.8,41.9,164.7,1968,0.0,0.0,0.0,59.3,1260.6,100.0,2100.99,Markdown / clear,"High overstock, low stockout",Promote or discount to free up locked working capital.,0
NB-FUR-015,Furnishings,Rugs,0.3422357728395641,0.591307615049697,242.5,30.3125,10.522884288539906,684.9,188.6,2026-03-31,143,82,35,1892,5.0,151.6,42.4,194.0,225,0.0,0.0,0.0,4.7,0.0,0.0,0.0,Healthy,Low on both,Balanced inventory; no immediate action required.,0
NB-FUR-016,Furnishings,Shelving,0.0,2.7796789395697594,185.9,23.2375,6.2823040160437955,488.5,101.6,2026-03-31,54,110,21,698,3.0,69.7,20.7,90.4,164,0.0,0.0,0.0,2.3,0.0,0.0,0.0,Healthy,Low on both,Balanced inventory; no immediate action required.,0
NB-FUR-017,Furnishings,Shelving,0.818323225832866,0.4487548646666649,191.2,23.9,9.154916711800277,402.5,74.4,2026-03-31,1232,313,28,778,4.0,95.6,33.4,129.0,1545,0.0,0.0,0.0,51.5,1040.8,100.0,851.71,Markdown / clear,"High overstock, low stockout",Promote or discount to free up locked working capital.,0
NB-FUR-018,Furnishings,Shelving,0.1342597173414036,0.1223068804475283,170.7,21.3375,10.730906007882092,320.6,70.1,2026-03-31,645,632,28,613,4.0,85.4,38.6,124.0,1277,0.0,0.0,0.0,30.2,474.3,100.0,63.68,Markdown / clear,"High overstock, low stockout",Promote or discount to free up locked working capital.,0
NB-FUR-019,Furnishings,Rugs,-0.1188283782877734,-0.2845615846341376,189.70000000000002,23.712500000000002,7.625358598125075,597.0,156.2,2026-03-31,954,302,14,618,2.0,47.4,20.1,67.5,1256,0.0,0.0,-0.0,40.2,764.3,100.0,-90.82,Markdown / clear,"High overstock, low stockout",Promote or discount to free up locked working capital.,0
NB-FUR-020,Furnishings,Shelving,2.0731504832463923,1.9454043469128008,253.0,31.625,9.477440318989089,689.8,183.8,2026-03-31,486,193,35,1669,5.0,158.1,38.5,196.6,679,0.0,0.0,0.0,15.4,233.0,46.2,483.04,Markdown / clear,"High overstock, low stockout",Promote or discount to free up locked working capital.,0
NB-FUR-021,Furnishings,Tables,2.9813462998815257,2.3351203132647127,219.70000000000002,27.462500000000002,11.261431691840963,349.2,78.5,2026-03-31,757,406,21,439,3.0,82.4,34.9,117.3,1163,0.0,0.0,0.0,27.6,537.3,100.0,1601.88,Markdown / clear,"High overstock, low stockout",Promote or discount to free up locked working capital.,0
NB-FUR-022,Furnishings,Seating,2.48709652230455,1.9386571499881573,226.20000000000002,28.275000000000002,9.439643796245704,543.6,142.5,2026-03-31,994,279,14,573,2.0,56.6,24.3,80.9,1273,0.0,0.0,0.0,35.2,767.8,100.0,1909.59,Markdown / clear,"High overstock, low stockout",Promote or discount to free up locked working capital.,0
NB-FUR-023,Furnishings,Rugs,1.526719427203216,1.3734585501480765,187.3,23.4125,7.917928627488378,450.4,77.1,2026-03-31,1487,746,28,823,4.0,93.6,29.3,122.9,2233,0.0,0.0,0.0,63.5,1299.7,100.0,1984.28,Markdown / clear,"High overstock, low stockout",Promote or discount to free up locked working capital.,0
NB-FUR-024,  Furnishings ,Bedding,0.2749913987816714,0.293284828981723,173.7,21.7125,7.599578524497263,561.1,137.2,2026-03-31,149,126,35,1623,5.0,108.6,31.6,140.2,275,0.0,0.0,0.0,6.9,0.0,0.0,0.0,Healthy,Low on both,Balanced inventory; no immediate action required.,0
NB-FUR-025,Furnishings,Seating,1.836213958647934,1.849193759843183,188.29999999999998,23.537499999999998,8.173270076903124,417.6,84.9,2026-03-31,584,273,21,573,3.0,70.6,26.1,96.7,857,0.0,0.0,0.0,24.8,395.7,100.0,726.59,Markdown / clear,"High overstock, low stockout",Promote or discount to free up locked working capital.,0
NB-FUR-026,  Furnishings ,Shelving,-0.2324628733147656,-0.2651827653558856,235.5,29.4375,9.171005601895574,632.2,189.29999999999998,2026-03-31,1548,1104,21,1012,3.0,88.3,29.0,117.3,2652,0.0,0.0,-0.0,52.6,1312.5,100.0,-305.11,Markdown / clear,"High overstock, low stockout",Promote or discount to free up locked working capital.,0
NB-FUR-027,Furnishings,Shelving,2.8890529458816445,3.270569320416824,236.1,29.5125,6.637476459468614,531.6,123.5,2026-03-31,100,23,35,1256,5.0,147.6,28.1,175.7,123,24.6,30.0,80.46,3.4,0.0,0.0,0.0,Reorder now,"High stockout, low overstock",Raise a replenishment order before stock runs out.,141
NB-FUR-028,Furnishings,Shelving,2.4165843811221817,2.389011148900229,286.8,35.85,9.528247477894347,714.6,210.2,2026-03-31,1834,859,21,1221,3.0,107.6,30.0,137.6,2693,0.0,0.0,0.0,51.2,1547.2,100.0,3738.94,Markdown / clear,"High overstock, low stockout",Promote or discount to free up locked working capital.,0
NB-FUR-029,Furnishings,Tables,1.3197990758405418,1.5741766716197416,227.1,28.3875,10.287788574324416,422.7,85.9,2026-03-31,396,214,14,361,2.0,56.8,26.3,83.1,610,0.0,0.0,0.0,13.9,168.9,36.9,222.91,Healthy,Low on both,Balanced inventory; no immediate action required.,0
NB-FUR-030,Furnishings,Bedding,0.5389174326532005,0.1880498371121406,172.0,21.5,6.16644143732834,472.1,88.6,2026-03-31,825,507,14,476,2.0,43.0,16.7,59.7,1332,0.0,0.0,0.0,38.4,653.0,100.0,351.91,Markdown / clear,"High overstock, low stockout",Promote or discount to free up locked working capital.,0
NB-FUR-031,Furnishings,Shelving,0.0,0.0699738909308829,29.0,3.625,5.1458114034620435,85.9,12.8,2026-03-31,263,60,35,242,5.0,18.1,22.6,40.7,323,0.0,0.0,0.0,72.6,234.0,100.0,0.0,Markdown / clear,"High overstock, low stockout",Promote or discount to free up locked working capital.,0
NB-FUR-032,Furnishings,Seating,2.0183428188821533,2.389272524715274,230.6,28.825,10.84916471439161,351.8,78.2,2026-03-31,923,252,35,625,5.0,144.1,43.6,187.7,1175,0.0,0.0,0.0,32.0,692.4,100.0,1397.5,Markdown / clear,"High overstock, low stockout",Promote or discount to free up locked working capital.,0
NB-FUR-033,Furnishings,Tables,-0.1713654594781291,-0.189552632395631,166.3,20.7875,11.419110900153305,273.1,62.2,2026-03-31,490,217,35,603,5.0,103.9,45.7,149.6,707,0.0,0.0,-0.0,23.6,323.7,97.5,-55.47,Markdown / clear,"High overstock, low stockout",Promote or discount to free up locked working capital.,0
NB-FUR-034,Furnishings,Bedding,2.528203440981428,2.374340563883243,117.2,14.65,6.272758563821821,162.8,34.9,2026-03-31,301,136,21,186,3.0,44.0,20.7,64.7,437,0.0,0.0,0.0,20.5,183.8,78.1,464.68,Markdown / clear,"High overstock, low stockout",Promote or discount to free up locked working capital.,0
NB-FUR-035,Furnishings,Tables,1.9495558527504568,1.78985913676778,161.6,20.2,10.39471019317037,259.3,61.6,2026-03-31,690,3,42,601,6.0,121.2,45.9,167.1,693,0.0,0.0,0.0,34.2,528.4,100.0,1030.15,Markdown / clear,"High overstock, low stockout",Promote or discount to free up locked working capital.,0
NB-FUR-036,Furnishings,Rugs,2.626823997372039,2.511926017250276,217.20000000000002,27.150000000000002,10.783436372511316,311.8,76.3,2026-03-31,341,117,14,230,2.0,54.3,27.4,81.7,458,0.0,0.0,0.0,12.6,123.8,28.7,325.2,Healthy,Low on both,Balanced inventory; no immediate action required.,0
NB-FUR-037,Furnishings,Shelving,-0.5608851733615695,-0.5500870298749686,149.2,18.65,9.555234167721897,222.0,43.5,2026-03-31,306,49,28,361,4.0,74.6,34.7,109.3,355,0.0,0.0,-0.0,16.4,156.8,52.5,-87.95,Markdown / clear,"High overstock, low stockout",Promote or discount to free up locked working capital.,0
NB-FUR-038,Furnishings,Seating,1.931021339790857,1.3483537500721023,134.6,16.825,7.04552162724663,183.5,37.5,2026-03-31,613,388,42,527,6.0,100.9,32.4,133.3,1001,0.0,0.0,0.0,36.4,478.4,100.0,923.8,Markdown / clear,"High overstock, low stockout",Promote or discount to free up locked working capital.,0
NB-FUR-039,Furnishings,Shelving,-0.3801139814168893,-0.4727822412501815,79.4,9.925,7.095553184918002,136.9,25.4,2026-03-31,240,88,21,181,3.0,29.8,23.1,52.9,328,0.0,0.0,-0.0,24.2,160.6,100.0,-61.05,Markdown / clear,"High overstock, low stockout",Promote or discount to free up locked working capital.,0
NB-FUR-040,Furnishings,Bedding,-0.1571427137415134,0.0181451485618452,24.7,3.0875,4.263049817912054,92.7,11.5,2026-03-31,225,89,21,139,3.0,9.3,15.0,24.3,314,0.0,0.0,0.0,72.9,200.3,100.0,-31.48,Markdown / clear,"High overstock, low stockout",Promote or discount to free up locked working capital.,0
NB-FUR-041,Furnishings,Tables,2.2095938055376343,2.590580476566022,227.6,28.45,10.513800454640558,323.6,75.2,2026-03-31,872,149,35,612,5.0,142.2,42.4,184.6,1021,0.0,0.0,0.0,30.7,644.4,100.0,1423.86,Markdown / clear,"High overstock, low stockout",Promote or discount to free up locked working capital.,0
NB-FUR-042,Furnishings,Rugs,0.6482776133755415,0.5649121273206716,178.3,22.2875,11.06282485398734,280.5,65.9,2026-03-31,722,276,28,491,4.0,89.2,39.7,128.9,998,0.0,0.0,0.0,32.4,543.7,100.0,352.47,Markdown / clear,"High overstock, low stockout",Promote or discount to free up locked working capital.,0
NB-FUR-043,Furnishings,Seating,-0.4172836620541044,-0.3496626670626896,156.9,19.6125,10.315696474305552,259.6,60.4,2026-03-31,690,140,35,488,5.0,98.1,41.6,139.7,830,0.0,0.0,-0.0,35.2,533.1,100.0,-222.45,Markdown / clear,"High overstock, low stockout",Promote or discount to free up locked working capital.,0
NB-FUR-044,Furnishings,Tables,0.0579353513953718,0.0656623465128043,109.0,13.625,7.070670053113779,146.7,32.9,2026-03-31,261,32,28,279,4.0,54.5,26.6,81.1,293,0.0,0.0,0.0,19.2,152.0,70.0,8.81,Markdown / clear,"High overstock, low stockout",Promote or discount to free up locked working capital.,0
NB-FUR-045,Furnishings,Shelving,1.0413296056191783,1.354112113714166,113.8,14.225,6.678089172809838,160.3,32.4,2026-03-31,440,32,28,283,4.0,56.9,25.3,82.2,472,0.0,0.0,0.0,30.9,326.2,100.0,339.68,Markdown / clear,"High overstock, low stockout",Promote or discount to free up locked working capital.,0
NB-FUR-046,Furnishings,Bedding,-0.2819639273128252,-0.2320169500991155,167.9,20.9875,12.111816286172772,266.4,60.5,2026-03-31,239,128,21,319,3.0,63.0,37.4,100.4,367,0.0,0.0,-0.0,11.4,71.1,21.3,-20.05,Healthy,Low on both,Balanced inventory; no immediate action required.,0
NB-FUR-047,Furnishings,Seating,2.723890257651868,3.2255502276008032,221.1,27.6375,10.145557833357413,345.7,56.5,2026-03-31,517,210,21,367,3.0,82.9,31.8,114.7,727,0.0,0.0,0.0,18.7,295.9,66.9,806.0,Markdown / clear,"High overstock, low stockout",Promote or discount to free up locked working capital.,0
NB-FUR-048,Furnishings,Rugs,0.1383256997878324,0.0735117166752236,190.4,23.8,12.093800064495857,281.9,52.1,2026-03-31,629,288,28,486,4.0,95.2,43.1,138.3,917,0.0,0.0,0.0,26.4,438.6,100.0,60.67,Markdown / clear,"High overstock, low stockout",Promote or discount to free up locked working capital.,0
NB-FUR-049,Furnishings,Seating,2.9377464213281685,2.506889328424972,193.0,24.125,10.182675237873395,285.5,65.0,2026-03-31,402,170,21,334,3.0,72.4,31.9,104.3,572,0.0,0.0,0.0,16.7,209.0,54.4,613.99,Markdown / clear,"High overstock, low stockout",Promote or discount to free up locked working capital.,0
NB-FUR-050,Furnishings,Shelving,0.8975759418309893,1.2601914563515746,155.6,19.45,9.410233790932082,231.1,41.6,2026-03-31,354,188,35,492,5.0,97.2,38.3,135.5,542,0.0,0.0,0.0,18.2,198.4,63.7,178.08,Markdown / clear,"High overstock, low stockout",Promote or discount to free up locked working capital.,0
NB-KIT-151,Kitchenware,Storage Containers,-0.668723829276669,-0.6265348296548533,7.1,0.8875,0.6233728819895841,59.2,5.2,2026-03-31,358,0,42,118,6.0,5.3,6.5,11.8,358,0.0,0.0,-0.0,403.4,350.9,100.0,-234.66,Markdown / clear,"High overstock, low stockout",Promote or discount to free up locked working capital.,0
NB-KIT-152,Kitchenware,Cutlery,-0.354713880365537,-0.1635549910399478,8.4,1.05,0.6800735254367721,59.4,3.9,2026-03-31,752,0,14,40,2.0,2.1,3.9,6.0,752,0.0,0.0,-0.0,716.2,743.6,100.0,-263.77,Markdown / clear,"High overstock, low stockout",Promote or discount to free up locked working capital.,0
NB-KIT-153,Kitchenware,Cookware Sets,-0.6035159576530843,-0.5962395222429522,10.8,1.35,1.58902485820707,64.8,9.8,2026-03-31,101,0,14,45,2.0,2.7,6.0,8.7,101,0.0,0.0,-0.0,74.8,90.2,100.0,-54.44,Markdown / clear,"High overstock, low stockout",Promote or discount to free up locked working capital.,0
NB-KIT-154,Kitchenware,Cutlery,-0.3895661616809535,-0.3931273833503044,10.8,1.35,1.4097872179871684,67.5,10.6,2026-03-31,799,0,42,151,6.0,8.1,9.7,17.8,799,0.0,0.0,-0.0,591.9,788.2,100.0,-307.06,Markdown / clear,"High overstock, low stockout",Promote or discount to free up locked working capital.,0
NB-KIT-155,Kitchenware,Baking Tools,-0.1788419983001748,-0.2153883595296056,7.2,0.9,0.917877987534291,71.9,8.0,2026-03-31,811,0,42,194,6.0,5.4,7.7,13.1,811,0.0,0.0,-0.0,901.1,803.8,100.0,-143.75,Markdown / clear,"High overstock, low stockout",Promote or discount to free up locked working capital.,0
NB-KIT-156,Kitchenware,Cookware Sets,-0.2205668901295318,-0.2941156802451213,8.8,1.1,0.8200609733428362,63.6,7.7,2026-03-31,722,0,28,77,4.0,4.4,6.0,10.4,722,0.0,0.0,-0.0,656.4,713.2,100.0,-157.31,Markdown / clear,"High overstock, low stockout",Promote or discount to free up locked working capital.,0
NB-KIT-157,Kitchenware,Cookware Sets,-0.9977711248981398,-1.0137561604622922,7.6000000000000005,0.9500000000000001,0.49244289008980524,61.2,6.5,2026-03-31,73,0,14,27,2.0,1.9,3.5,5.4,73,0.0,0.0,-0.0,76.8,65.4,100.0,-65.25,Markdown / clear,"High overstock, low stockout",Promote or discount to free up locked working capital.,0
NB-KIT-158,KITCHENWARE,Storage Containers,-0.7092712949859606,-0.6664339634744058,12.9,1.6125,1.810688750172155,69.3,8.1,2026-03-31,972,0,21,81,3.0,4.8,8.0,12.8,972,0.0,0.0,-0.0,602.8,959.1,100.0,-680.26,Markdown / clear,"High overstock, low stockout",Promote or discount to free up locked working capital.,0
NB-KIT-159,Kitchenware,Dinnerware,-0.4610450563177694,-0.4417467545390394,12.7,1.5875,0.5035809269620921,57.1,5.6,2026-03-31,68,0,35,62,5.0,7.9,5.5,13.4,68,0.0,0.0,-0.0,42.8,55.3,100.0,-25.5,Markdown / clear,"High overstock, low stockout",Promote or discount to free up locked working capital.,0
NB-KIT-160,Kitchenware,Dinnerware,-0.3776350663847833,-0.2996138246022956,11.9,1.4875,1.1741353201398892,66.0,8.9,2026-03-31,604,0,28,68,4.0,6.0,7.2,13.2,604,0.0,0.0,-0.0,406.1,592.1,100.0,-223.6,Markdown / clear,"High overstock, low stockout",Promote or discount to free up locked working capital.,0
NB-KIT-161,Kitchenware,Cutlery,-0.7342102569803488,-0.7027374450418644,14.0,1.75,0.37416573867739417,61.8,2.4000000000000004,2026-03-31,34,0,21,20,3.0,5.2,3.9,9.1,34,0.0,0.0,-0.0,19.4,20.0,71.2,-14.68,Markdown / clear,"High overstock, low stockout",Promote or discount to free up locked working capital.,0
NB-KIT-162,Kitchenware,Dinnerware,-0.339486928256142,-0.4513598331879312,8.7,1.0875,0.26663411259626923,56.2,0.9,2026-03-31,18,0,42,32,6.0,6.5,5.1,11.6,18,0.0,0.0,-0.0,16.6,9.3,53.8,-3.16,Markdown / clear,"High overstock, low stockout",Promote or discount to free up locked working capital.,0
NB-KIT-163,Kitchenware,Baking Tools,-0.4158510879279016,-0.358958856449094,11.2,1.4,2.070024154448445,83.4,11.0,2026-03-31,159,0,21,96,3.0,4.2,8.7,12.9,159,0.0,0.0,-0.0,113.6,147.8,100.0,-61.46,Markdown / clear,"High overstock, low stockout",Promote or discount to free up locked working capital.,0
NB-KIT-164,Kitchenware,Storage Containers,-0.4751133087662652,-0.3835131481712575,16.1,2.0125,2.138596210134115,64.2,11.0,2026-03-31,996,0,28,113,4.0,8.0,10.3,18.3,996,0.0,0.0,-0.0,494.9,979.9,100.0,-465.56,Markdown / clear,"High overstock, low stockout",Promote or discount to free up locked working capital.,0
NB-KIT-165,Kitchenware,Baking Tools,-0.6667107349163186,-0.7334548859603639,11.5,1.4375,1.5140487937976106,68.0,6.6000000000000005,2026-03-31,117,0,42,146,6.0,8.6,10.1,18.7,117,0.0,0.0,-0.0,81.4,105.5,100.0,-70.34,Markdown / clear,"High overstock, low stockout",Promote or discount to free up locked working capital.,0
NB-KIT-166,Kitchenware,Dinnerware,-0.5586450206838307,-0.6535710350897842,7.3,0.9125,0.539531046372681,60.1,5.2,2026-03-31,575,0,21,48,3.0,2.7,4.4,7.1,575,0.0,0.0,-0.0,630.1,567.7,100.0,-317.14,Markdown / clear,"High overstock, low stockout",Promote or discount to free up locked working capital.,0
NB-KIT-167,Kitchenware,Baking Tools,-0.574955766617461,-0.6687470237845338,11.6,1.45,0.6670832032063166,59.0,2.4000000000000004,2026-03-31,58,0,28,38,4.0,5.8,5.5,11.3,58,0.0,0.0,-0.0,40.0,46.4,100.0,-26.68,Markdown / clear,"High overstock, low stockout",Promote or discount to free up locked working capital.,0
NB-KIT-168,Kitchenware,Dinnerware,-0.5856485748012761,-0.4909756171194931,12.3,1.5375,0.4922842166878804,58.6,4.9,2026-03-31,123,0,35,45,5.0,7.7,5.5,13.2,123,0.0,0.0,-0.0,80.0,110.7,100.0,-64.83,Markdown / clear,"High overstock, low stockout",Promote or discount to free up locked working capital.,0
NB-KIT-169,Kitchenware,Storage Containers,-0.2515521576271587,-0.3327773267987554,11.6,1.45,0.65,57.0,4.6000000000000005,2026-03-31,352,0,21,35,3.0,4.4,4.7,9.1,352,0.0,0.0,-0.0,242.8,340.4,100.0,-85.63,Markdown / clear,"High overstock, low stockout",Promote or discount to free up locked working capital.,0
NB-KIT-170,Kitchenware,Storage Containers,-0.1994645114567884,-0.1686344714809888,13.3,1.6625,1.5181711859997868,66.0,8.0,2026-03-31,451,0,21,60,3.0,5.0,7.2,12.2,451,0.0,0.0,-0.0,271.3,437.7,100.0,-87.31,Markdown / clear,"High overstock, low stockout",Promote or discount to free up locked working capital.,0
NB-KIT-171,Kitchenware,Cookware Sets,-0.3089089612453767,-0.3315155523995806,8.6,1.075,0.25860201081971496,56.2,0.7,2026-03-31,84,0,28,16,4.0,4.3,4.1,8.4,84,0.0,0.0,-0.0,78.1,75.4,100.0,-23.29,Markdown / clear,"High overstock, low stockout",Promote or discount to free up locked working capital.,0
NB-KIT-172,Kitchenware,Storage Containers,-0.3523309384366571,-0.29788828161094,8.7,1.0875,0.25708704751503914,53.3,0.39999999999999997,2026-03-31,20,0,21,11,3.0,3.3,3.6,6.9,20,0.0,0.0,-0.0,18.4,11.3,65.0,-3.98,Markdown / clear,"High overstock, low stockout",Promote or discount to free up locked working capital.,0
NB-KIT-173,Kitchenware,Dinnerware,-0.8343570197929929,-0.7431281041773191,7.2,0.9,0.07071067811865474,52.0,0.2,2026-03-31,68,0,35,9,5.0,4.5,3.9,8.4,68,0.0,0.0,-0.0,75.6,60.8,100.0,-50.73,Markdown / clear,"High overstock, low stockout",Promote or discount to free up locked working capital.,0
NB-KIT-174,Kitchenware,Cookware Sets,-0.505609347518179,-0.4620831807856846,9.0,1.125,0.2537222891273055,55.3,0.39999999999999997,2026-03-31,19,0,35,27,5.0,5.6,4.6,10.2,19,0.0,0.0,-0.0,16.9,10.0,55.6,-5.06,Markdown / clear,"High overstock, low stockout",Promote or discount to free up locked working capital.,0
NB-KIT-175,Kitchenware,Baking Tools,-0.7965014825888211,-0.7327968203021326,7.9,0.9875,0.09270248108869578,52.4,0.2,2026-03-31,15,0,14,8,2.0,2.0,2.5,4.5,15,0.0,0.0,-0.0,15.2,7.1,45.0,-5.66,Markdown / clear,"High overstock, low stockout",Promote or discount to free up locked working capital.,0
NB-KIT-176,Kitchenware,Cookware Sets,-0.9520551564590182,-0.9321028184544644,9.6,1.2,0.1,52.0,0.2,2026-03-31,124,0,28,13,4.0,4.8,3.6,8.4,124,0.0,0.0,-0.0,103.3,114.4,100.0,-108.92,Markdown / clear,"High overstock, low stockout",Promote or discount to free up locked working capital.,0
NB-KIT-177,Kitchenware,Storage Containers,-1.0328013075756337,-0.9856825474782692,10.2,1.275,0.0968245836551854,52.4,0.4,2026-03-31,104,0,14,7,2.0,2.6,2.6,5.2,104,0.0,0.0,-0.0,81.6,93.8,100.0,-96.88,Markdown / clear,"High overstock, low stockout",Promote or discount to free up locked working capital.,0
NB-KIT-178,Kitchenware,Cutlery,-0.8466696666946714,-0.900245038803072,8.8,1.1,0.08660254037844388,52.0,0.3,2026-03-31,13,0,14,5,2.0,2.2,2.5,4.7,13,0.0,0.0,-0.0,11.8,4.2,23.8,-3.56,Healthy,Low on both,Balanced inventory; no immediate action required.,0
NB-KIT-179,Kitchenware,Cookware Sets,-0.6985129441950644,-0.7535114319094836,7.0,0.875,0.043301270189221926,52.0,0.0,2026-03-31,33,0,28,7,4.0,3.5,3.4,6.9,33,0.0,0.0,-0.0,37.7,26.0,100.0,-18.16,Markdown / clear,"High overstock, low stockout",Promote or discount to free up locked working capital.,0
NB-KIT-180,Kitchenware,Dinnerware,-0.6518887424863893,-0.6770162143932412,6.9,0.8625,0.12183492931011208,52.0,1.1,2026-03-31,83,0,28,9,4.0,3.4,3.7,7.1,83,0.0,0.0,-0.0,96.2,76.1,100.0,-49.61,Markdown / clear,"High overstock, low stockout",Promote or discount to free up locked working capital.,0
NB-KIT-181,Kitchenware,Storage Containers,-0.9125587132704212,-0.890104582403471,9.4,1.175,0.1391941090707505,52.1,0.2,2026-03-31,22,0,21,13,3.0,3.5,3.2,6.7,22,0.0,0.0,-0.0,18.7,12.6,66.9,-11.5,Markdown / clear,"High overstock, low stockout",Promote or discount to free up locked working capital.,0
NB-KIT-182,Kitchenware,Baking Tools,-0.6525090564462648,-0.5411216081129127,1.2000000000000002,0.15000000000000002,0.08660254037844387,52.0,0.0,2026-03-31,43,0,42,5,6.0,0.9,4.4,5.3,43,0.0,0.0,-0.0,286.7,41.8,100.0,-27.27,Markdown / clear,"High overstock, low stockout",Promote or discount to free up locked working capital.,0
NB-KIT-183,Kitchenware,Storage Containers,-0.8180345698223839,-0.7523225189100778,4.8,0.6,0.0,52.0,0.3,2026-03-31,61,0,14,5,2.0,1.2,2.3,3.5,61,0.0,0.0,-0.0,101.7,56.2,100.0,-45.97,Markdown / clear,"High overstock, low stockout",Promote or discount to free up locked working capital.,0
NB-KIT-184,Kitchenware,Dinnerware,-0.4383719958824735,-0.2998058086080362,1.2000000000000002,0.15000000000000002,0.08660254037844387,52.0,0.0,2026-03-31,69,0,14,5,2.0,0.3,2.5,2.8,69,0.0,0.0,-0.0,460.0,67.8,100.0,-29.72,Markdown / clear,"High overstock, low stockout",Promote or discount to free up locked working capital.,0
NB-KIT-185,Kitchenware,Storage Containers,-0.3015096690673908,-0.2818425822395823,0.7000000000000001,0.08750000000000001,0.033071891388307385,52.0,0.0,2026-03-31,54,0,28,5,4.0,0.4,3.4,3.8,54,0.0,0.0,-0.0,617.1,53.3,100.0,-16.07,Markdown / clear,"High overstock, low stockout",Promote or discount to free up locked working capital.,0
NB-KIT-186,Kitchenware,Baking Tools,-0.4021690686997056,-0.4066344990312967,11.4,1.425,0.36996621467371854,58.0,1.5,2026-03-31,116,0,14,9,2.0,2.8,3.2,6.0,116,0.0,0.0,-0.0,81.4,104.6,100.0,-42.07,Markdown / clear,"High overstock, low stockout",Promote or discount to free up locked working capital.,0
NB-KIT-187,Kitchenware,Cutlery,-0.1879430574548755,-0.2513518212314753,7.6,0.95,0.23979157616563596,53.2,0.39999999999999997,2026-03-31,68,0,28,16,4.0,3.8,4.1,7.9,68,0.0,0.0,-0.0,71.6,60.4,100.0,-11.35,Markdown / clear,"High overstock, low stockout",Promote or discount to free up locked working capital.,0
NB-KIT-188,Kitchenware,Storage Containers,-1.1092684627728069,-1.089536642342705,10.6,1.325,0.2817356917396161,53.4,0.39999999999999997,2026-03-31,70,0,21,8,3.0,4.0,3.7,7.7,70,0.0,0.0,-0.0,52.8,59.4,100.0,-65.89,Markdown / clear,"High overstock, low stockout",Promote or discount to free up locked working capital.,0
NB-KIT-189,Kitchenware,Storage Containers,-0.7726112023077318,-0.7220780988249994,4.8,0.6,0.0,52.0,0.0,2026-03-31,61,0,14,5,2.0,1.2,2.3,3.5,61,0.0,0.0,-0.0,101.7,56.2,100.0,-43.42,Markdown / clear,"High overstock, low stockout",Promote or discount to free up locked working capital.,0
NB-KIT-190,Kitchenware,Cutlery,-0.6652032549534515,-0.7417044155564353,8.600000000000001,1.0750000000000002,0.11989578808281799,52.2,0.2,2026-03-31,66,0,14,6,2.0,2.2,2.6,4.8,66,0.0,0.0,-0.0,61.4,57.4,100.0,-38.18,Markdown / clear,"High overstock, low stockout",Promote or discount to free up locked working capital.,0
NB-KIT-191,Kitchenware,Dinnerware,-0.2971440632743053,-0.1210085596954537,5.8,0.725,0.26339134382131846,52.1,0.0,2026-03-31,105,0,28,11,4.0,2.9,4.2,7.1,105,0.0,0.0,-0.0,144.8,99.2,100.0,-29.48,Markdown / clear,"High overstock, low stockout",Promote or discount to free up locked working capital.,0
NB-KIT-192,Kitchenware,Storage Containers,-1.1370912994787663,-1.1413468802292617,5.6,0.7,0.0,52.0,0.0,2026-03-31,59,0,14,5,2.0,1.4,2.3,3.7,59,0.0,0.0,-0.0,84.3,53.4,100.0,-60.72,Markdown / clear,"High overstock, low stockout",Promote or discount to free up locked working capital.,0
NB-KIT-193,Kitchenware,Cutlery,-1.0786132491179814,-1.0526722436500404,9.7,1.2125,0.0927024810886958,52.0,0.3,2026-03-31,103,0,35,13,5.0,6.1,4.0,10.1,103,0.0,0.0,-0.0,84.9,93.3,100.0,-100.63,Markdown / clear,"High overstock, low stockout",Promote or discount to free up locked working capital.,0
NB-KIT-194,Kitchenware,Storage Containers,-0.5133012406206343,-0.3835385918346689,7.3,0.9125,0.15360257159305635,52.4,0.2,2026-03-31,69,0,42,15,6.0,5.5,4.6,10.1,69,0.0,0.0,-0.0,75.6,61.7,100.0,-31.67,Markdown / clear,"High overstock, low stockout",Promote or discount to free up locked working capital.,0
NB-KIT-195,Kitchenware,Baking Tools,-0.7785779203595148,-0.7895327201191066,8.5,1.0625,0.06959705453537528,52.4,0.39999999999999997,2026-03-31,15,0,28,14,4.0,4.2,3.5,7.7,15,0.0,0.0,-0.0,14.1,6.5,38.1,-5.06,Markdown / clear,"High overstock, low stockout",Promote or discount to free up locked working capital.,0
NB-KIT-196,Kitchenware,Storage Containers,-0.2945059733392878,-0.4253332785783713,6.4,0.8,0.31622776601683794,52.2,0.2,2026-03-31,9,0,28,15,4.0,3.2,4.3,7.5,9,0.0,0.0,-0.0,11.2,2.6,20.0,-0.77,Healthy,Low on both,Balanced inventory; no immediate action required.,0
NB-KIT-197,Kitchenware,Dinnerware,-0.1715714505289557,-0.0250743833328958,1.2000000000000002,0.15000000000000002,0.08660254037844387,52.0,0.0,2026-03-31,7,0,21,5,3.0,0.5,3.1,3.6,7,0.0,0.0,-0.0,46.7,5.8,100.0,-1.0,Markdown / clear,"High overstock, low stockout",Promote or discount to free up locked working capital.,0
NB-KIT-198,KITCHENWARE,Cookware Sets,-0.7159823897895942,-0.6535918526325752,5.9,0.7375,0.11110243021644489,52.0,0.1,2026-03-31,64,0,14,5,2.0,1.5,2.6,4.1,64,0.0,0.0,-0.0,86.8,58.1,100.0,-41.6,Markdown / clear,"High overstock, low stockout",Promote or discount to free up locked working capital.,0
NB-KIT-199,Kitchenware,Cookware Sets,-0.8637599014910884,-0.8634928235354485,9.9,1.2375,0.06959705453537526,52.5,0.3,2026-03-31,58,0,42,22,6.0,7.4,4.3,11.7,58,0.0,0.0,-0.0,46.9,48.1,100.0,-41.55,Markdown / clear,"High overstock, low stockout",Promote or discount to free up locked working capital.,0
NB-KIT-200,Kitchenware,Storage Containers,-0.595793634054484,-0.4952721266455558,5.2,0.65,0.3427827300200522,52.1,0.4,2026-03-31,9,0,21,9,3.0,2.0,3.8,5.8,9,0.0,0.0,-0.0,13.8,3.8,36.3,-2.26,Healthy,Low on both,Balanced inventory; no immediate action required.,0
NB-SMA-101,Small Appliances,Toasters,-0.48269518392112,-0.5507890436790925,101.8,12.725,7.477257184288902,146.20000000000002,31.7,2026-03-31,410,267,42,445,6.0,76.4,34.2,110.6,677,0.0,0.0,-0.0,32.2,308.2,100.0,-148.77,Markdown / clear,"High overstock, low stockout",Promote or discount to free up locked working capital.,0
NB-SMA-102,Small Appliances,Electric Kettles,-0.0434707657961892,-0.0362025164849217,182.5,22.8125,12.636102791209003,299.5,64.5,2026-03-31,241,4,14,236,2.0,45.6,31.7,77.3,245,0.0,0.0,-0.0,10.6,58.5,16.2,-2.54,Healthy,Low on both,Balanced inventory; no immediate action required.,0
NB-SMA-103,Small Appliances,Electric Kettles,0.2178382454068843,0.3012267215565474,129.9,16.2375,7.255504375989308,189.0,34.9,2026-03-31,193,69,28,270,4.0,65.0,27.2,92.2,262,0.0,0.0,0.0,11.9,63.1,24.4,13.75,Healthy,Low on both,Balanced inventory; no immediate action required.,0
NB-SMA-104,Small Appliances,Toasters,0.2735377573889067,0.2797430173960788,30.099999999999998,3.7624999999999997,3.947447751395831,78.8,12.8,2026-03-31,206,78,35,269,5.0,18.8,18.2,37.0,284,0.0,0.0,0.0,54.8,175.9,100.0,48.12,Markdown / clear,"High overstock, low stockout",Promote or discount to free up locked working capital.,0
NB-SMA-105,Small Appliances,Electric Kettles,0.3559763122526541,0.0824898602689853,144.2,18.025,9.365328344484244,215.5,39.5,2026-03-31,821,41,42,542,6.0,108.2,41.8,150.0,862,0.0,0.0,0.0,45.5,676.8,100.0,240.92,Markdown / clear,"High overstock, low stockout",Promote or discount to free up locked working capital.,0
NB-SMA-106,Small Appliances,Blenders,-0.2411776992491666,-0.3766942463770001,191.5,23.9375,12.275477332877934,308.5,55.9,2026-03-31,719,54,42,757,6.0,143.6,53.5,197.1,773,0.0,0.0,-0.0,30.0,527.5,100.0,-127.22,Markdown / clear,"High overstock, low stockout",Promote or discount to free up locked working capital.,0
NB-SMA-107,Small Appliances,Air Fryers,-0.4409328391734309,-0.5351839822968141,148.5,18.5625,9.1305719289648,253.8,44.4,2026-03-31,126,137,14,207,2.0,37.1,23.6,60.7,263,0.0,0.0,-0.0,6.8,0.0,0.0,-0.0,Healthy,Low on both,Balanced inventory; no immediate action required.,0
NB-SMA-108,Small Appliances,Coffee Makers,0.1894887270368789,-0.0099249948317127,121.4,15.175,6.870362071972628,177.20000000000002,41.8,2026-03-31,196,89,14,183,2.0,30.4,18.3,48.7,285,0.0,0.0,-0.0,12.9,74.6,30.6,14.14,Healthy,Low on both,Balanced inventory; no immediate action required.,0
NB-SMA-109,Small Appliances,Air Fryers,1.1875715476690565,0.8928184960653439,51.6,6.45,6.067948582511226,101.4,15.8,2026-03-31,194,6,21,140,3.0,19.4,20.1,39.5,200,0.0,0.0,0.0,30.1,142.4,100.0,169.11,Markdown / clear,"High overstock, low stockout",Promote or discount to free up locked working capital.,0
NB-SMA-110,Small Appliances,Coffee Makers,1.2444953019190597,1.2635696809345165,153.2,19.15,8.854518620455886,225.8,44.5,2026-03-31,715,60,35,479,5.0,95.8,36.2,132.0,775,0.0,0.0,0.0,37.3,561.8,100.0,699.16,Markdown / clear,"High overstock, low stockout",Promote or discount to free up locked working capital.,0
NB-SMA-111,Small Appliances,Blenders,-0.0880842139519094,-0.2242138411428988,192.9,24.1125,12.606886758831461,299.0,69.39999999999999,2026-03-31,455,5,21,394,3.0,72.3,38.8,111.1,460,0.0,0.0,-0.0,18.9,262.1,68.1,-23.09,Markdown / clear,"High overstock, low stockout",Promote or discount to free up locked working capital.,0
NB-SMA-112,Small Appliances,Toasters,0.4840091135709437,0.480331607490377,49.8,6.225,6.415557263402767,125.3,16.2,2026-03-31,195,108,21,153,3.0,18.7,21.1,39.8,303,0.0,0.0,0.0,31.3,145.2,100.0,70.28,Markdown / clear,"High overstock, low stockout",Promote or discount to free up locked working capital.,0
NB-SMA-113,SMALL APPLIANCES,Air Fryers,0.3646490036539312,0.1081266642162887,132.6,16.575,9.55376234789206,198.1,38.7,2026-03-31,162,109,21,260,3.0,49.7,30.1,79.8,271,0.0,0.0,0.0,9.8,29.4,11.3,10.72,Healthy,Low on both,Balanced inventory; no immediate action required.,0
NB-SMA-114,Small Appliances,Toasters,0.9280134603980088,1.0009367176115007,196.3,24.5375,12.051030816905248,309.9,68.60000000000001,2026-03-31,1095,48,42,724,6.0,147.2,52.6,199.8,1143,0.0,0.0,0.0,44.6,898.7,100.0,834.01,Markdown / clear,"High overstock, low stockout",Promote or discount to free up locked working capital.,0
NB-SMA-115,Small Appliances,Electric Kettles,0.4742268794640779,0.5716951766801219,159.6,19.95,11.106079416247661,255.6,59.5,2026-03-31,592,35,42,646,6.0,119.7,48.8,168.5,627,0.0,0.0,0.0,29.7,432.4,100.0,205.06,Markdown / clear,"High overstock, low stockout",Promote or discount to free up locked working capital.,0
NB-SMA-116,Small Appliances,Coffee Makers,-0.6006250605193251,-0.6648876826570852,160.3,20.0375,10.969496057248938,265.6,59.5,2026-03-31,412,119,28,414,4.0,80.2,39.4,119.6,531,0.0,0.0,-0.0,20.6,251.7,78.8,-151.18,Markdown / clear,"High overstock, low stockout",Promote or discount to free up locked working capital.,0
NB-SMA-117,Small Appliances,Coffee Makers,-0.1799047248578482,-0.3272306081750685,157.9,19.7375,11.113273313925111,252.7,59.5,2026-03-31,449,8,21,312,3.0,59.2,34.5,93.7,457,0.0,0.0,-0.0,22.7,291.1,91.9,-52.37,Markdown / clear,"High overstock, low stockout",Promote or discount to free up locked working capital.,0
NB-SMA-118,Small Appliances,Toasters,-0.1366863979099986,-0.0560532000664399,109.9,13.7375,7.0659283714173045,164.1,32.3,2026-03-31,396,237,35,358,5.0,68.7,29.7,98.4,633,0.0,0.0,-0.0,28.8,286.1,100.0,-39.11,Markdown / clear,"High overstock, low stockout",Promote or discount to free up locked working capital.,0
NB-SMA-119,Small Appliances,Coffee Makers,0.3218567036521094,0.3266449413045438,97.5,12.1875,7.181823845653693,147.2,29.1,2026-03-31,123,108,21,196,3.0,36.6,23.3,59.9,231,0.0,0.0,0.0,10.1,25.5,13.1,8.21,Healthy,Low on both,Balanced inventory; no immediate action required.,0
NB-SMA-120,Small Appliances,Blenders,-0.2656999975271101,-0.4861366949507054,171.6,21.45,11.668118957226998,279.4,60.4,2026-03-31,293,241,28,457,4.0,85.8,41.7,127.5,534,0.0,0.0,-0.0,13.7,121.4,35.6,-32.26,Healthy,Low on both,Balanced inventory; no immediate action required.,0
NB-SMA-121,Small Appliances,Coffee Makers,1.4662563721708295,0.960110046607587,191.0,23.875,12.38958736197457,292.5,64.8,2026-03-31,411,373,42,686,6.0,143.2,54.0,197.2,784,0.0,0.0,0.0,17.2,220.0,57.5,322.58,Markdown / clear,"High overstock, low stockout",Promote or discount to free up locked working capital.,0
NB-SMA-122,Small Appliances,Air Fryers,-0.499691786421707,-0.514922730510248,183.3,22.9125,12.082263602073908,285.4,64.1,2026-03-31,469,236,21,359,3.0,68.7,37.3,106.0,705,0.0,0.0,-0.0,20.5,285.7,78.1,-142.76,Markdown / clear,"High overstock, low stockout",Promote or discount to free up locked working capital.,0
NB-SMA-123,Small Appliances,Toasters,0.8689993651435958,0.8868045392590113,190.3,23.7875,11.98451474820737,300.6,65.7,2026-03-31,411,353,28,496,4.0,95.2,42.7,137.9,764,0.0,0.0,0.0,17.3,220.7,58.1,191.79,Markdown / clear,"High overstock, low stockout",Promote or discount to free up locked working capital.,0
NB-SMA-124,Small Appliances,Coffee Makers,1.0560158312201535,0.5997421894705787,137.6,17.2,8.6910873888139,206.4,47.3,2026-03-31,213,243,28,344,4.0,68.8,31.9,100.7,456,0.0,0.0,0.0,12.4,75.4,27.5,79.62,Healthy,Low on both,Balanced inventory; no immediate action required.,0
NB-SMA-125,Small Appliances,Coffee Makers,1.4167740446319357,1.2636228813216497,145.1,18.1375,9.353333296210502,211.3,39.5,2026-03-31,263,61,21,255,3.0,54.4,29.5,83.9,324,0.0,0.0,0.0,14.5,117.9,40.6,167.04,Markdown / clear,"High overstock, low stockout",Promote or discount to free up locked working capital.,0
NB-SMA-126,Small Appliances,Toasters,1.446818307556469,0.9434120642287732,167.29999999999998,20.912499999999998,11.833367810982635,272.9,47.3,2026-03-31,142,141,14,226,2.0,41.8,29.9,71.7,283,0.0,0.0,0.0,6.8,0.0,0.0,0.0,Healthy,Low on both,Balanced inventory; no immediate action required.,0
NB-SMA-127,Small Appliances,Air Fryers,-0.557757854680839,-0.5477184561173976,137.4,17.175,9.652169445259444,204.4,38.1,2026-03-31,520,413,42,595,6.0,103.0,42.9,145.9,933,0.0,0.0,-0.0,30.3,382.6,100.0,-213.4,Markdown / clear,"High overstock, low stockout",Promote or discount to free up locked working capital.,0
NB-SMA-128,Small Appliances,Coffee Makers,1.1000323734899564,0.9578837260590888,159.5,19.9375,10.61801976594506,253.70000000000002,56.3,2026-03-31,440,338,35,520,5.0,99.7,42.7,142.4,778,0.0,0.0,0.0,22.1,280.5,88.1,308.56,Markdown / clear,"High overstock, low stockout",Promote or discount to free up locked working capital.,0
NB-SMA-129,Small Appliances,Toasters,0.7784054373130332,0.3126729005012159,156.1,19.5125,10.810462235723318,260.3,58.7,2026-03-31,579,271,28,452,4.0,78.0,38.9,116.9,850,0.0,0.0,0.0,29.7,422.9,100.0,329.19,Markdown / clear,"High overstock, low stockout",Promote or discount to free up locked working capital.,0
NB-SMA-130,Small Appliances,Toasters,1.1623587112093652,0.6365522312459552,180.3,22.5375,12.20470580350055,279.9,61.199999999999996,2026-03-31,339,79,28,487,4.0,90.2,43.4,133.6,418,0.0,0.0,0.0,15.0,158.7,43.8,184.47,Markdown / clear,"High overstock, low stockout",Promote or discount to free up locked working capital.,0
NB-SMA-131,Small Appliances,Toasters,0.887728165117042,0.6637908294580223,15.8,1.975,0.6057020719792859,55.6,5.1000000000000005,2026-03-31,325,0,21,42,3.0,5.9,4.6,10.5,325,0.0,0.0,0.0,164.6,309.2,100.0,274.49,Markdown / clear,"High overstock, low stockout",Promote or discount to free up locked working capital.,0
NB-SMA-132,Small Appliances,Blenders,0.6695087364550518,0.7859759272802227,22.4,2.8,1.1489125293076057,59.1,7.9,2026-03-31,532,0,21,46,3.0,8.4,6.1,14.5,532,0.0,0.0,0.0,190.0,509.6,100.0,341.18,Markdown / clear,"High overstock, low stockout",Promote or discount to free up locked working capital.,0
NB-SMA-133,Small Appliances,Toasters,1.1704836536800352,1.045850566183411,18.6,2.325,0.3072051431861127,59.6,2.1,2026-03-31,41,0,42,44,6.0,14.0,5.3,19.3,41,0.0,0.0,0.0,17.6,22.4,60.0,26.22,Markdown / clear,"High overstock, low stockout",Promote or discount to free up locked working capital.,0
NB-SMA-134,Small Appliances,Coffee Makers,-0.1350829448439056,-0.2425147743166314,11.7,1.4625,1.4203322674642014,65.2,9.6,2026-03-31,268,0,21,63,3.0,4.4,6.9,11.3,268,0.0,0.0,-0.0,183.2,256.3,100.0,-34.62,Markdown / clear,"High overstock, low stockout",Promote or discount to free up locked working capital.,0
NB-SMA-135,Small Appliances,Electric Kettles,0.7943229276041764,0.5113844421538452,13.0,1.625,0.3631459761583488,55.9,0.4,2026-03-31,195,0,28,22,4.0,6.5,4.5,11.0,195,0.0,0.0,0.0,120.0,182.0,100.0,144.57,Markdown / clear,"High overstock, low stockout",Promote or discount to free up locked working capital.,0
NB-SMA-136,Small Appliances,Air Fryers,0.3630268241286722,0.1516734941449131,16.0,2.0,0.6204836822995428,59.2,5.8,2026-03-31,537,0,28,71,4.0,8.0,5.3,13.3,537,0.0,0.0,0.0,268.5,521.0,100.0,189.14,Markdown / clear,"High overstock, low stockout",Promote or discount to free up locked working capital.,0
NB-SMA-137,Small Appliances,Electric Kettles,0.8731028005083563,0.5353581557381665,11.9,1.4875,0.8936407275857563,62.7,6.4,2026-03-31,376,0,35,100,5.0,7.4,7.0,14.4,376,0.0,0.0,0.0,252.8,364.1,100.0,317.9,Markdown / clear,"High overstock, low stockout",Promote or discount to free up locked working capital.,0
NB-SMA-138,Small Appliances,Air Fryers,-0.5966480287539351,-0.5982727022555546,14.7,1.8375,0.3237958461747155,56.2,4.5,2026-03-31,288,0,14,25,2.0,3.7,3.1,6.8,288,0.0,0.0,-0.0,156.7,273.3,100.0,-163.06,Markdown / clear,"High overstock, low stockout",Promote or discount to free up locked working capital.,0
NB-SMA-139,Small Appliances,Air Fryers,0.8478571927451239,0.7788956496709208,9.1,1.1375,1.0723076750634586,60.4,4.3,2026-03-31,78,0,42,128,6.0,6.8,8.4,15.2,78,0.0,0.0,0.0,68.6,68.9,100.0,58.42,Markdown / clear,"High overstock, low stockout",Promote or discount to free up locked working capital.,0
NB-SMA-140,Small Appliances,Coffee Makers,-0.5788836414275401,-0.6916255033120097,9.8,1.225,0.19843134832984427,55.2,1.0,2026-03-31,156,0,28,22,4.0,4.9,3.9,8.8,156,0.0,0.0,-0.0,127.3,146.2,100.0,-84.63,Markdown / clear,"High overstock, low stockout",Promote or discount to free up locked working capital.,0
NB-SMA-141,Small Appliances,Electric Kettles,0.0800232099817289,-0.0033119554050568,11.9,1.4875,0.36550478793033614,57.6,1.2000000000000002,2026-03-31,147,0,42,34,6.0,8.9,5.5,14.4,147,0.0,0.0,-0.0,98.8,135.1,100.0,10.81,Markdown / clear,"High overstock, low stockout",Promote or discount to free up locked working capital.,0
NB-SMA-142,Small Appliances,Electric Kettles,-0.0112542336083944,-0.0258585107780293,15.9,1.9875,1.7517402061949714,70.2,10.6,2026-03-31,749,0,14,56,2.0,4.0,6.4,10.4,749,0.0,0.0,-0.0,376.9,733.1,100.0,-8.25,Markdown / clear,"High overstock, low stockout",Promote or discount to free up locked working capital.,0
NB-SMA-143,Small Appliances,Air Fryers,-0.5129782092000199,-0.6448496411904465,11.7,1.4625,0.6243746871871089,57.1,6.6,2026-03-31,448,0,14,29,2.0,2.9,3.8,6.7,448,0.0,0.0,-0.0,306.3,436.3,100.0,-223.81,Markdown / clear,"High overstock, low stockout",Promote or discount to free up locked working capital.,0
NB-SMA-144,Small Appliances,Air Fryers,-0.3437308120646483,-0.3422157693942326,12.5,1.5625,0.5764926278800103,58.7,2.4,2026-03-31,125,0,35,41,5.0,7.8,5.8,13.6,125,0.0,0.0,-0.0,80.0,112.5,100.0,-38.67,Markdown / clear,"High overstock, low stockout",Promote or discount to free up locked working capital.,0
NB-SMA-145,Small Appliances,Electric Kettles,0.6238536290082198,0.7765016322499383,9.6,1.2,0.6480740698407861,63.599999999999994,5.2,2026-03-31,367,0,28,78,4.0,4.8,5.4,10.2,367,0.0,0.0,0.0,305.8,357.4,100.0,222.97,Markdown / clear,"High overstock, low stockout",Promote or discount to free up locked working capital.,0
NB-SMA-146,Small Appliances,Air Fryers,0.0605898269821595,-0.1329011592799766,10.0,1.25,1.1213830746002902,63.2,8.2,2026-03-31,581,0,14,53,2.0,2.5,4.9,7.4,581,0.0,0.0,-0.0,464.8,571.0,100.0,34.6,Markdown / clear,"High overstock, low stockout",Promote or discount to free up locked working capital.,0
NB-SMA-147,Small Appliances,Blenders,-0.6923847104329742,-0.8150665928826093,13.4,1.675,0.5018714974971183,54.4,5.1,2026-03-31,208,0,14,21,2.0,3.4,3.5,6.9,208,0.0,0.0,-0.0,124.2,194.6,100.0,-134.74,Markdown / clear,"High overstock, low stockout",Promote or discount to free up locked working capital.,0
NB-SMA-148,Small Appliances,Air Fryers,0.7219334588904112,0.7293198280439479,9.4,1.175,0.8627716963368698,62.3,5.1,2026-03-31,81,0,28,89,4.0,4.7,6.1,10.8,81,0.0,0.0,0.0,68.9,71.6,100.0,51.69,Markdown / clear,"High overstock, low stockout",Promote or discount to free up locked working capital.,0
NB-SMA-149,Small Appliances,Electric Kettles,-0.1221640288267262,-0.2203047692187824,12.1,1.5125,0.39823830805184984,57.1,1.4,2026-03-31,225,0,28,28,4.0,6.0,4.6,10.6,225,0.0,0.0,-0.0,148.8,212.9,100.0,-26.01,Markdown / clear,"High overstock, low stockout",Promote or discount to free up locked working capital.,0
NB-SMA-150,Small Appliances,Coffee Makers,-0.1982355875740163,-0.1536111447667074,14.0,1.75,0.3535533905932738,57.0,1.2,2026-03-31,157,0,21,18,3.0,5.2,3.9,9.1,157,0.0,0.0,-0.0,89.7,143.0,100.0,-28.35,Markdown / clear,"High overstock, low stockout",Promote or discount to free up locked working capital.,0
